user_id,text,sentiment,confidence,platform,date
4231,ููู ูููุด ููุทู ุงูุดุงุดู ุนุดุงู ุงุฎุฏ ุงูุงูุตุงู ููุง ุงุฏูุน ูุญุฏ ุนุดุงู ุงุญุงุณุจู ูุงุฒู ุชุญูู ููุถุน ููุทู ุงูุดุงุดู,negative,88.0,Unknown,2025-04-28
8133,ุญูููู ุจุณ ุงุบูุจ ุงูุชูุตููุงุช ุชุชุงุฎุฑ ูุงูุญูู ุงู ุงููุทุงุนู ุงูููุฌูุฏู ุจูุฑุจู ุชุธูุฑ ูู ุงูุจุฑูุงูุฌ,negative,88.0,Unknown,2025-04-28
8869,ุงูุง ุงุญุจู ูุงูุฏ ูุณุงุนุฏูู ุงุฐุง ูุงุนูุฏู ูุงุด ุงุทูุจ ูู ููุช ุจุณ ุงูุญูู ุงุดูู ูุงู ูุฎูุฑูุง ูุง ูุงู ูุตูุฑ ุงููุชุช ููุด ุชุทูุน ูู ุตูุญู ุจูุถู,negative,88.0,Unknown,2025-04-28
8348,ูู ุชุทุจูู ุฒู ุฏุง ูููู ูุญุฏูุฏ ุจุณ ุน ุงููุงุณ ุงู ุฎุทูู we ๐ญ,negative,88.0,Unknown,2025-04-28
3482,ููุชุงุฒ . ุจุณ ูู ูุดูููู ุงููุงูุฏ 500 ููุณ ุฃู ุงุณูู ุชุจุฑุน . ูุฎูููู ุงุฎุชูุงุฑู ูู ุฌุจุงุฑู ูุถูู ุนูู ุงููุจูุบ ๐ค,negative,88.0,Unknown,2025-04-28
3009,ููุงู ุงูุชุธุงุฑ ุงูุนููุงุก  ูุง ุจุฃุณ ุจู ..ุฎุฏูุฉ ููุณุงุนุฏุฉ ูุชูุฌูู ูุชูุณุท ุงูู ุฌูุฏ,negative,88.0,Unknown,2025-04-28
8228,ุฌูุฏ ุฌุฏุง ูุฑุฌู ุชูุณูุน ุงูุทูุจุงุช ูุฏู ุงููุทุงุนู ูุชุฎููุถ ุชูููุฉ ุงูุชูุตูู,negative,88.0,Unknown,2025-04-28
4817,ูููุน ูุงูุฏ ุญูู ุจุณ ูุจููู ุงูุชูุงู ุดูู ุจุชูุตูู ู ูููู ูู ุญุฑุต,negative,88.0,Unknown,2025-04-28
4996,ุจุฑูุงูุฌ ุฒุจุงูู ูู ูุงุงุจุญุซ ุนู ุดูู ูุงููุฌุฏ ุญุชู ุงูุณูุฑ ูุงูุฒูุช ูุฎูุงูู ูุงููุชุงุฌุฑ ูุงููุงุฑูุช ูุง ููุฌุฏ ูุง ุงูุตุญ ุจุชุญูููู ูููุงู ุงููุฌูู ุงุฌุจุงุฑู,negative,88.0,Unknown,2025-04-28
1864,"ุงูุชุทุจูู ูุนุทูู ุงูุถู ู ุงููุฐ ุงููุทุงุนู ู ุงูุงูู ูููู ุญุงุฑ ููู ุงููุทุงุนู ุงูุชู ุงุญุจูู 
ููุฌูุฏุงุช ูุณุชุงูู ูุฐุง ุงูุชุทุจูู ูกูู ูุฌูุฉ",positive,88.0,Unknown,2025-04-28
2817,ุณูู ูููุงูุจ ู ุนุตุฑูุง ุงุชููู ูู ุงูุงุณุชูุฑุงุฑ ุจูุฐุง ุงูุดูู ูุฃูุซุฑ ..,positive,88.0,Unknown,2025-04-28
2682,"ุงูุตุฑุงุญู ุงูุง ูู ูุณุชุฎุฏูู ุทูุจุงุชู ูู ุงูุงูุงุฑุงุช ุงูุนุฑุจูุฉ ุงููุชุญุฏู ุจุดูู ูุณุชูุฑ ูุณุชุงูู 
5000000 ูุฌูู ุงูู ุดู ุงููุตุฏุงููุฉ ูุงููุถูุญ ูููุฌุฏูู ูู ููุจุฑูุงูุฌ ุฑุงุฆุนูู ุฌุฏุง",positive,88.0,Unknown,2025-04-28
1791,ุงูุจุฑูุงูุฌ ูุด ุนุงูุฒ ูุดุชุบู ุจูุทูุจ ุจุงุณูุฑุฏ ูููุง ุงุฏุฎูุฉ ูููู ุบูุท ุงุนูู ุงูู,negative,88.0,Unknown,2025-04-28
5337,ุงูุชุทุจุจููู ุฌุฌูููููู ูููุตู ุจุณุฑุนู ุงูู ูููู ูุชุฃุฎุฑ ุงูุตู ุงูุจูุช ุฒููู ูุดูุฑุง,positive,88.0,Unknown,2025-04-28
5444,ูููุฒ ูุชุดูููุฉ ุงููุทุงุนู ููู ุงููุงุช ุงููุงุญุฏ ุจูููู ุฌูุนุงู ุงูุนูุฏู ุถููู ููุงูู ุงุญุฏ ูุฌูุจ ุจูุฎุฏููุง ุดูุฑุง ุจุฑูุงูุฌ ุทูุจุงุช,positive,88.0,Unknown,2025-04-28
1058,ุชุทุจูู ุฌุฏุง ุฌููู ุทูุจุช ููู ุชูุฑูุจุง 5 ูุฑุงุช ูุงูุทูุจ ูุง ูุชุฃุฎุฑ ููุฌู ูุงูู ูุญุงุฑ ูุงูุง ูู ุงูู ุฌุฏุฉ ุทุจุนุง,negative,88.0,Unknown,2025-04-28
6964,ุจุฑูุงูุฌ ุฌููู ุฌุฏุง .. ูุฌุนู ูุฌููุนุฉ ูุจูุฑุฉ ุฌุฏุง ูู ุงููุทุงุนู ุจูู ูุฏูู,positive,88.0,Unknown,2025-04-28
6892,ูู ููุฌุฏ ุฎุท ูู ุด ุงูุนุดุฑูู ููุตู ุฅูู ุงููุทุงุฑ....ูุงูู ูุด ูุงูู ุงูุจุฑูุงูุฌ,negative,88.0,Unknown,2025-04-28
2163,"ุฌุงุฑู ุงูุชุฌุฑุจู ูุงุชููู ุงู ูุชู ุงููุถุงุก ุนูู ุงูููุชุฌุงุช ุงููููุฏู ูุงู ูุชู ุงููุจุถ ุนูู 
ุงุตุญุงุจ ุงููุตุงูุน ุงููุฒููู ููุนุงูุจุชูู ุงุดุฏ ูุฃุณูุก ุงูุงุญูุงู ุญุชู ูููููุง ุนุธู",negative,88.0,Unknown,2025-04-28
5819,ุงูุชุญุฏูุซ ุงูุฌุฏูุฏ ุฌููู ุฌุฏุง ุจุญูุซ ุงูู ุชุณุชุทูุน ุงูุงุฎุชูุงุฑ ูุงุฑูุญูู... ุดูุฑุง,positive,88.0,Unknown,2025-04-28
5382,ุฌุฑุจุช ุบูุฑู ู ูุถูุชู ูุนุฏุฉ ุฃุณุจุงุจ ุชุทุจูู ูุฑุชุจ ูุณูู ู ุฏูุฉ ุชูููุช .. ุจุงูุชูููู,positive,88.0,Unknown,2025-04-28
2836,ูููู ุงูุง ูู ุงูู ุงููุงุณ ุงูู ุงุดุชุบูุช ุนูู ูุงูุจุฑูุงูุฌ ุตุฏูุง ุตุฏูุง ุจุฑูุงูุฌ ููุง ุงุญุณู ููุง ุฃูุถู ุจุงูุณุฑุนุฉ ุจุงูู ุนููู ูุถูู ุดููุฉ ูุทุงุนู โโ,negative,88.0,Unknown,2025-04-28
7572,ุญูุง ูุฌู  ุจุตุฑุนู ูููู ูุงุดุงุก ุงููู ู ููู ูู ุงููุทุงุนู,negative,88.0,Unknown,2025-04-28
5972,ูุฑุฌู ูุถุน ุชุชุจุน ุงูุทูุจ ูุจุงูู ุงููุทุงุนู ูุงู ุงูุซุฑ ูู ูุฑู ูููููู ุญุงุทูู ููุช ูุนูู ููุตูู ุงูุทูุจ ููุชุงุฎุฑ ุงูุซุฑ ูู ุงูุงุฒู,negative,88.0,Unknown,2025-04-28
7369,ุจุณ ูุฑูุช ุงูุทูุจ ููุตู ุจุนุฏ 30 ุฏููู ุงุญุณู ูู 60 ุฏูููู,negative,88.0,Unknown,2025-04-28
7078,ููุชุงุฒ ูุฑุงุฆุน ุจุฑูุงูุฌ ููููู ุนู ูู ุดูุก ุงุทูุจ ูุงูุช ูุฑุชุงุญ ูููุชูู ุชูุชูู ุนูุฏ ุชูููุฐ ุทูุจู ุดูุฑุงู ุทูุจุงุชู ููุฑุชูุง ุนูููุง ุงูููุช ูุงูุฌูุฏ ูุญูุฏุงูุฑุดูุฏู ุจูุนุจุฏุงููู,positive,88.0,Unknown,2025-04-28
6822,ูู ุงุฌุฑุจู ุจุนุฏ ูุงุชููู ุงู ูููู ูู ุฎุท ุณูุฑ ู ุงุจูุงูููุง ุงูุญู ุงูุณุงุฏุณ ูุน ุฎุงูุต ุชุญูุงุชู,negative,88.0,Unknown,2025-04-28
1077,ุชุทุจูู ููุชุงุฒ ุฌุฏุง ููููุฏ.. ุงุชููู ุฅุถุงูุฉ ุงููุฒูุฏ ูู ูุญูุงุช ุงูุชุณูู ุจุงูุฅุถุงูุฉ ูููุทุงุนู ูู ููุงูุฉ ุตูุฑ / ุณูุทูุฉ ุนูุงู,positive,88.0,Unknown,2025-04-28
1966,ุงูุซุฑ ูู ููุชุงุฒ ููุนุทููู ุงูุนุงููู ูุงุชููู ูููู ููู ุชูุจูู ุนุงููุทุงุนู ูู ูุงุญูุฉ ููุช ุงูุชูุตูู ูุงููุชุฒุงู ููู,negative,88.0,Unknown,2025-04-28
2036,ุฑุงุงุงุฆุน ุจุณ ูุงุฑูุช ุงููุงูุดุฑ ุชุดูู ูุทุงุนู ุงูุจุฑ ูุงูุซุฑ ุฏุงุฎู ุงููููุง,positive,88.0,Unknown,2025-04-28
4840,ุฌูุฏ ุฌุฏุงู ููุณุนุงุฏ ุนุทูุช ุงุฑุจุน ูุฌูู ุงูุงูู ุฎุฏูุช ุชูุตูู ุชุทูู ููุงูู ูู ุญูู ูุดููู ุนุทูู ุงุฑุจุน ูุฌูู,negative,88.0,Unknown,2025-04-28
4645,ุงูุตุฑุงุญู ูุนุทููู ุงูู ุนุงููู ุฎูุด ุงุจูููุดู ูุงููุทุงุนู ุงูู ูุชุนุงูููู ูุนุงูุง ุนุฌูุจู,negative,88.0,Unknown,2025-04-28
5000,ุงูุจุฑูุงูุฌ ุฌููู ุจุณ ูุงุฑูุช ุฅุถุงูุฉ ุงูุดุญู ููู ุงูุดุจูุงุช ูุฏูุน ุงูููุงุชูุฑ ูุฃู ุดุฆ ูู ููุงุชูุฑ ูุนููู ุจุฏูุง ุงูุชุทุจูู ูุดุชุบู ุนูู ูุทุงู ูุงุณุน ูู ูุญุฏูุฏ,negative,88.0,Unknown,2025-04-28
2894,ุฎุฏูุชูู ูุฑุฑู ุญููุฉ ู ูุดููุฑูู ุุ ู ุงูู ุดู ุงูุณุฑุนู ุจุงูุชูุตู,positive,88.0,Unknown,2025-04-28
6638,ูุตูุญู ููู ุงููุงุณ ุตุบุฑ ุญุฌู ุงูุฎุท ูู ุงุนุฏุงุฏุงุช ุงููุงุชู ูุชุธูุฑ ุงูุฑุณุงูู ูุงููู ูุชุฏูุณ ููุงูู ููุดุชุบู ุงูุชุทุจูู ููุฑููู ุงูุฌูู,negative,88.0,Unknown,2025-04-28
2867,ุงูุจุฑูุงูุฌ ุญูู ุจุณ ุงุฑุฌู ุงูู ุจุฏูู ูุช ูููู ุจุฑู ููุง ุนูุฏูู ูุช ููุจู ูุทูุจ,negative,88.0,Unknown,2025-04-28
4214,ูู ุงุฎุชุฑุน ูุฐุง ุงูุชุทุจูู ูุงูุฉ ุณูุฑุจุญ ุงููุงุณ ูุงุฎุชูุงุฑ ุงููุทุนู ุงูุฐู ูุญุจ  ุณุฑูุน ูููุฌูุก,negative,88.0,Unknown,2025-04-28
7169,ุชุทุจูู ุณูู ุงูุงุณุชุฎุฏุงูุ ุงูุฏูุน ููุฏู ู ุงูู ูุงููุ ุทูุจุงุช ุงูุนููู ุงูุฎุงุตุฉ ุชุคุฎุฐ ุจุนูู ุงูุงุนุชุจุงุฑุ ุฌููู ุฌุฏุงู ๐,positive,88.0,Unknown,2025-04-28
2694,ุณุฑูุน ุงูุชูุตูู ูุงุดูุฑ ุงูู ูุงููู ูุงููุช ุฌูุนุงู ูุตููู ุงูุทูุจ ูุซู ูุงุงุจู ุดูุฑ,negative,88.0,Unknown,2025-04-28
6915,ุจุฑูุงูุฌ ุฑุงุงุงุฆุน ูุชูุตูู ุงูุทูุจุงุช ุจุณูููู ูู ุบูุฑ ุฏูุน ุฑุตูุฏ ุฒุงุฆุฏ ููููููู nice !!,positive,88.0,Unknown,2025-04-28
4524,ุฑุงุฆุน ุฌุฏุง ุฌุฏุง ุฌุฏุง ุฌุฏุง ุฌุฏุง ูุงูุชูุตูู ุณุฑูุน ูุฎุฏูู ุงูุชูุตูู ูููุณู ูุงุจูุชุงุฎุฑู ุน ุงูุทูุจ,positive,88.0,Unknown,2025-04-28
8641,ุงูุง ุฏุงุฆูุง ูุณุงูุฑ ุนูู ุฎุท ุงููุงูุฑู ุงูุงุณููุฏุฑูู ุงูุตุญุฑุงูู ูุจุฌุฏ ุดุฑูุฉ ููุงุจุชู ูุญุชุฑููู ูููู ุนุงูุฒูู ุฎุทูุท ุฃูุซุฑ ูู ูุฌู ุจุญุฑู,negative,88.0,Unknown,2025-04-28
9404,ููุชุงุฒ ุฌุฏุง ูุดุฑูู ุนุงูููู ููู ููุชุฌุงุชูุง ุฌูุฏู ุนุงููู ูุงุตููู ูุงุณุนุงุฑ ุฌูููู,positive,88.0,Unknown,2025-04-28
5098,ุงูุชุทุจูู ุฌุฏุง ุฑูุนู ุณูู ูู ุทูุจ ุงูุทูุจ ูุณุฑุนุฉ ุงูุฌุงุจ ุงูุทูุจ ุณุฑูุนู ููู ุงูุชูููู ููู ุณุงูู ูู ุนูู ูุฐุง ุงูุชุทุจูู,positive,88.0,Unknown,2025-04-28
3878,ุงุญูู ุจุฑูุงูุฌ ุทูุจุงุช ุณุฑูุนูู ูุงุญุจ ุงูุชูููุงุช ูุงุญุจ ุงูุนุฑูุถ ูุงุญุจ ุณุฑุนุฉ ุงูุฑุฏ ูุงูุชุทููุฑ โค๏ธโ๐ฅ๐๐คฉ๐ฅฐ๐,positive,88.0,Unknown,2025-04-28
4416,ูุณุชุงูู 5 ูุฌูู โคโคูู ุดุฑุท ุญุณุงุจ ูุฌูู ุชุญุช ุทูุจ ุจุฏูู ุชุณุฌูู ุฏุฎูู ูุชุญุท ุฑูู  ุฌูุงูู ๐๐ูุจุณ,negative,88.0,Unknown,2025-04-28
7948,ููุชุงุฒ ูููู ููุฌุฏ ุชุฃุฎูุฑ ูู ุงูุชูุตูู ุงุญูุงูุง ุงูุซุฑ ูู ุงูููุช ุงููุญุฏุฏ ูุงุญุณุงูุง ุชุบููุฑ ูู ุตูู ูุงุญุฏ ูู ุงูุทูุจุงุช,negative,88.0,Unknown,2025-04-28
4526,ูู ูู ุฎุตู ูฅู% ุน ุฑุญูุงุช ุงููุงูุฑุฉ ุฅุณููุฏุฑูุฉ ูุงุฒุงู ุงุญุตู ุนููู,negative,88.0,Unknown,2025-04-28
6178,ุงููููุน ุฌุฏุงุงุงุง ุฌูููู ุฌุฏุงุง ูุงูู ุงุญุณู ููู ู ุณุฑูุนูู ูู ุงูุชูุตูู,positive,88.0,Unknown,2025-04-28
5899,ุจุตุฑุงุญุฉ ููุชุงุฒ ููุฒูุฏ ูู ุงูุชูุฏู ุจุณ ุฑุญูุงุช ููู ุงูุฌูุนุฉ ูู ุงุฌุฏ ููุนุงุฏ ููุงุณุจ ููุช ุงูุงูุชุญุงู ุจุฌุงูุนุฉ ูุตุฑ ููุนููู ูุงูุชูููููุฌูุง ุจ 6 ุงูุชูุจุฑ,positive,88.0,Unknown,2025-04-28
5270,ุงูุชุทุจูู ููุชุงุฒ ููุชุงุฒ ููุชุงุฒ ูู ุงููููุช ูููู ุจุงูู ุงูุฏูู ูุง ุงุนูู,negative,88.0,Unknown,2025-04-28
3763,ุชุทุจูู ูููุฏ ูุฑุงุฆุน ูุทูุจ ุงููุฌุจุงุช ูู ุงููุทุงุนู.. ูู ุงููููุช ูุฌุฑุจ ููุถููู ๐,positive,88.0,Unknown,2025-04-28
7980,ุณูุนุช ุนูู ุงูู ุชุทุจูู ุฌุฏุง ุฑุงุฆุน ูู ุจูุชู ุฑูุง ุงุดุฑู ุงูุฌุฑุงุญ,positive,88.0,Unknown,2025-04-28
8048,ููุชุงุฒุุ ูุงูู ูุจู ูู ุฒูุงุฏุฉ ุนุฏุฏ ุงููุทุงุนู ู ุชุฑุชูุจูุง  ูู ููุงุทููุง ุงูุซุฑุ ุ ุจุงูุชูููู,negative,88.0,Unknown,2025-04-28
2019,ูู ูููู ุงุญุฌุฒ ูู ุงูุจุงุต ูุงูุชุฑ ูู ุดุฎุต ุ ููุง ุดุฑุท ุญุฌุฒ ุงูุฑุญูุฉ ูุดุฎุต ูุงุญุฏ ูู ุชูููููู ุงูุฎุงุตุ,negative,88.0,Unknown,2025-04-28
4641,ุฏูููุชู ูุณู ูู ุงูุฎุตู ุนูู ุงูู ุงูุฑุฏุฑ ููู ูู ูุงู ุงุฑุฌู ุงูุฑุฏ,negative,88.0,Unknown,2025-04-28
9810,ุฑุงุฆุน ูููู ูุง ููุช ูุงู ูู ูุตุฑ ุงุชููู ุงู ุชุตู ุชูู ุงูุฑุณุงูุฉ ูููุทูุฑูู ููุจุฑูุงูุฌ,negative,88.0,Unknown,2025-04-28
7505,ููุง ููุง ุบูู ูุนู ูุง ุงููู ูุง ุงููู ุบูู ูุนู,negative,88.0,Unknown,2025-04-28
9823,ูููุด ุฑูู ููุชูุงุตู ูุน ุฎุฏูุฉ ุงูุนููุงุก ููุนุฑูุฉ ููููุฉ ูุชู ุงูุญุฌุฒ ูููู ุงูุฑุฏ ุงูุณุฑูุน,negative,88.0,Unknown,2025-04-28
7021,ูุฌุฑุจู 6 ุงุดูุฑ ููุถููู ูุณุฑูุน ุฌุฏุง ูู ูขู ุฏูููู ูู ุทูุจ ููุตู,positive,88.0,Unknown,2025-04-28
9845,ููุชุงุฒ ุฌุฏุง ููุทูุจุงุช ุงุชููู ุงุฑุณุงู ููุฏุงุช ุฎุตู ูููุดุชุฑูู ุจุดูู ูุณุชูุฑ,positive,88.0,Unknown,2025-04-28
4624,ูุงูุฉ ุฑุงุฆุน ุฌุฏุง ุฌุฏุง ุฌุฏุง ุฌุฏุง ุฌุฏุง  ุฃุนุฌุจูู ุฌุฏุง ุฌุฏุง ุฌุฏุง ุฌุฏุง ุฌุฏุง,positive,88.0,Unknown,2025-04-28
9420,ุงูุจุฑูุงูุฌ ุฌูุฏ ููุญุชุฑู ุงูุฒุจูู ููู ูู ุชุถูููุง ุฎุงุตูุฉ ุงูููุถูุฉ ูููุทุงุนู ุจุชุณุงุนุฏูุง ูุฎุชุงุฑ ุงููุทุนู ุงุณุฑุน ูุดูุฑุง,negative,88.0,Unknown,2025-04-28
6588,ุงุญุณู ููุฑู ุดูุชูุง ุจุฏุงู ูุงุงุฏูุน ุญู ุงูุงูู ูุจูุฒูู ุงูุณูุงุฑุฉ ููุฑุช ๐๐,negative,88.0,Unknown,2025-04-28
4345,ุตุฑุงุญู ุณูุนุช ููุงู ุนู ุทูุจุงุช ุจุณ ุงูููุงู ูุฑูุญ ููุฑุฏ ููู ุจุณุฑุนุฉ ุงูู ูู ุณุงุนุฉ,negative,88.0,Unknown,2025-04-28
7640,ุชุทุจูู ุฌุงุงูุฏ ูุดุฎููุง ูู ูู ุงูุชุฑ ูู ูฅูุฌูู๐ป ููุช ุญุทูุช๐๐๐,positive,88.0,Unknown,2025-04-28
1826,ููุงูุงูู ุงุฒูู ูุชูุงุนูู ุงูุซุฑ ููุจ ุฒู ูููุฑุณุชูุดู ูููู ุนูุดุงู ุงููุงุณ ุนููู ูููุฑู ุฒุญูู ุจุณ ูุงูุณุญุจ ุนููู ููุณ ุงูููุช ุงููู ููุชุจู ูุฌูุจู ๐,positive,88.0,Unknown,2025-04-28
9184,ุงูุง ูุนููุชู ุทูุจูุง ูู ูุฑุฉ ูุฑูุญ ูููุซูู ููู ุจุณ ุนูู ุงูุชูุตูู 5 ุฑูุงู ุจุณ ุดุฆ ุฌูููููููู,positive,88.0,Unknown,2025-04-28
3114,ูุดุฑูู ููุงูุดุงุก ูููุณู ุฌุฏุง ููู ุงูุงุฏุงุฑู ุงูุฏุงุฎููู ูู ุงุบูุจ ุงูุดุฑูุงุช ุงูุจุงููู ูุงุดูู ูุฌุงููุงุช ููููุด ุชุนุงูู ุจูู ุงูุงุฏุงุฑุงุช,negative,88.0,Unknown,2025-04-28
3921,ูุฏูุชู ุชูุฏูุง ุฑุงุฆุน ููุงูู ูุฑูุฏ ุนุฑูุถุง ุฃููู ูุชุฎููุถุงุช ุณุงุญูู ููู ูุงูุช ูุณุงุจูุงุช ูุณุญุจ ููุจููุงุช ุงูุถู,negative,88.0,Unknown,2025-04-28
1127,ุดุบู ูุฑุฑุฑุชุจ ูุงูุถูู ุนูู ูุซูุฑ ูู ุงูุชุทุจููุงุช ุงูููุงูุณู ุจุณุจุจ ุงุดุชูุงูู ุนูู ุงููุซูุฑ ูู ุงููุทุงุนู,negative,88.0,Unknown,2025-04-28
2744,ุงุณุชุบููุช ุนู ุงูุณูุงู ุจูุณุจุฉ 80% ุนู ุงุฑุณุงูู ูุดุฑุงุก ุงูุทุนุงู ุงุชููู ุงู ุชุบุทู ููุทูุชู ุฌููุน ูุทุงุนู ุฌุฏุฉ ูุฏุง ูุฏุง ูุง ุงุนุชูุฏ ุงููุดูุงุฑ ูุงุจุนุฏ ููุทูุฉ ุชุงุฎุฐ ุณุงุนุฉ,negative,88.0,Unknown,2025-04-28
7412,ูููุณู ุงูู ุญุฏุง ูุง ููุงุฑูุช ุงุฏุฎุงู ูู ููุฒ ุงูุจููู ูููุณ ุจูู ูุตุฑ ููุท,negative,88.0,Unknown,2025-04-28
7203,"ุจุฑูุงูุฌ ุฑูุนู ูุฌูุฏ ุฌุฏุง ูุทูุงุจุงุช ุณุฑูุนู ูุงููุงุช ูู ูู ุจูุฏ ูุงูุทุนุงู ุจุดูู ูุฒุงูู ูุซูุฑ 
ูุดูุฑุง ููู...... ๐๐๐๐๐๐๐๐๐๐๐",positive,88.0,Unknown,2025-04-28
4834,ููุชุงุฒ ุฌุฏุง ูููู ุงุชููู ุงู ุชููู ููุงู ุจุนุถ ุงููุณุงุจูุงุช ูุงูุฌูุงุฆุฒ ูุซู ุทูุจุงุช ุงูุณุนูุฏูุฉ ูุณูู ูููู ููุงู ูุณุชุฎุฏููู ุงูุซุฑ ู ุงูุถู,negative,88.0,Unknown,2025-04-28
9075,ุชุทุจูู ูู ุฃูุถู ุงูุชุทุจููุงุช ูุจู ุงููุญูุฏ ูุงูุฃูุถู ุจุงูุชูุตูู ููุทุนุงู ุชุทุจูู ุงูุซุฑ ูู ุฑุงุฆุน ูุตุฏุงููุฉ ูุดูุงููุฉ ูุงุชููู ูู ุชูุฏู ูุงูุงุฒุฏูุงุฑ ููุฐุง ุงูุชุทุจูู ูุดูุฑุง,positive,88.0,Unknown,2025-04-28
9988,ุฃูุถู ุชุทุจูู ุงุณุชุฎุฏูุชู ููุชูุตูู.. ุฑุบู ุงูู ุชูุฑูุจุง ุฌุฑุจุช ุฌููุน ุงูุชุทุจููุงุช ุงููุดุงุจูุฉ.. ููู ูุจูู ุทูุจุงุช ุชุทุจูู ูููุฒ ูุนูุงูุฉ ูุงุฑูุฉ ูู ุชุชูุฑุฑ ุฑุบู ุงูุชูููุฏ,positive,88.0,Unknown,2025-04-28
4417,ูุงููู ูุง ูู ุฎูุงุฑ ุชุงูู ุจุณ ุตุฑุงุญุฉ ูุฑุฉ ุตุงุฑุช ุญุงุฏุซุฉ ูุงุดุชููุช ููุง ุงุฎุฏุช ุญูู ุจุณ ุดู ูุณูู ูุด ูุณุชุงููุฉ ูููู ูุง ุจุฃุณ ุจู,negative,88.0,Unknown,2025-04-28
2930,ุงูููู ุทูุจุช ููุณ ุงูุทูุจ ุงูุซุฑ ูู ูกู ูุฑุงุช ููู ูุฑู ูุฎุตูู ููู 98 ุฑูุงู ููุง ูุตู ุงูุทูุจ ุงุฑุฌู ุชุตููุญ ุงูุนุทู+ ูุง ุงุฑูุฏ ุงููุงู ุญูุงู ุนูููู,negative,88.0,Unknown,2025-04-28
7622,ุงูุชุทุจูู ููุชุงุฒ..... ุจุณ ุจุนุถ ุงููุทุงุนู ูุง ุจุนุทู ุงูุทูุจ ุญูุฉ ูุง ุงุณุชูู ููุง ููุญ ูููู ุจุชุนุชูุฏ ุฃู ุงูุฒุจูู ูุด ูุฏููู,negative,88.0,Unknown,2025-04-28
1027,ูุง ุดุงุก ุงููู ุชุทุจูู ููุชุงุฒ ูุตุงุฏู ูุงูุตุญ ุงูุฌููุน ุจุชุญูููู ููุชููุฒ ุจุณุฑุนุฉ ุงูุชูุตูู ูุฑุฎุต ุงูุซูู ูุงูุทูู 1000 ูุฌูุฉ โค๏ธโค๏ธโค๏ธ๐,positive,88.0,Unknown,2025-04-28
3389,ุตุฑุงุญู ูููุฐูู ููุง ุฃุญุชุงุฑ ุจุงูุงูู ูุงูุฏ ูููุฏ ูุงูุชุทุจูู ููุฑ ุนูููุง ูุงูุฏ,positive,88.0,Unknown,2025-04-28
6133,ุงูุง ุงุญุจุจุช ููุฑุฉ ููุชุทุจูู ููู ูู ููุงู ุจุนุถ ุงูุจูุฏุงู ุงูุงุฎุฑู ูุซู ุงูุฌุฒุงุฆุฑ ุงุฑุฌู ุงูุฑุฏ,negative,88.0,Unknown,2025-04-28
5214,ุจุนุฏ ุณูุฉ ุจุงููุชูุฑ ุุ ุณูููู ุฑุญ ููุชุณุญ ุงูุณูู ู ุจููุฉ,negative,88.0,Unknown,2025-04-28
8685,ุงูุจุฑูุงูุฌ ุนุฌูุจ ุจุณ ูุนุธู ุงููุงุณ ุงูู ูุญูููู ุงูุจุฑูุงูุฌ ุชูุงุฌููู ูุดููุฉ ููู( ุฃู ุงุฏ ุจูุทูุจ ูุชุงุฎุฑ),negative,88.0,Unknown,2025-04-28
5045,ุจุณ ุนูุฏู ุณูุงู ููุด ูุงูุฏููุงูุฏุฒ ูู ููุฌูุฏ ูู ูุงุฆูุฉ ุงููุทุงุนู,negative,88.0,Unknown,2025-04-28
2066,ูุฑุฑุฑุง ููููุณุณ ูุงุฒู ูู ููู ููููู ุงุทุทูุจ ููู ุงูููููู ุตุฑุงุญุญู ๐,negative,88.0,Unknown,2025-04-28
4315,ุงูุจุงุต ููุชุงุฒ ูุงูุณุงุฆู ููุชูู ุงูุฃุฏุจ ููุญู ูุชุดูุฑูู ุฌุฏุง ุนูู ุญุณู ุงููุนุงููุฉ,positive,88.0,Unknown,2025-04-28
5141,ุชุทุจูู ุฌุงูุฏ ุฌุฏุง ุจุณ ูุดููุชู ูุงุญุฏู ุฎุฏูุฉ ุนูููุก ุชุญุณูู ุฎุฏูุฉ ุชุงุจุง ุญุงุฌุฉ ุฑูุน,negative,88.0,Unknown,2025-04-28
8843,ุงููููุน ููุชุงุฒ ุงูุตุญ ุจุชุญูููู ูุงู ููุฑ ุนูููุง ูุดูุฉ ุงูุจุญุซ ุนู ุงููุทุนู ูุงูุทุนุงู ุงูููุงุณุจ ุฏูู ุงูุญุงุฌุฉ ููุฌูุก ุงูู ูุงุฆูุงุช ุงูุทุนุงู ุงููุฑููุฉ,positive,88.0,Unknown,2025-04-28
9257,ููุชุงุฒ ุจุณ ููุชูุจ ุงูุชูุตูู ูุฌุงูู ููู ุชุงุฎุฐูู ุฑุณูู ุนููู ูุนูู ูุตุจ ุงูุดุบูู,negative,88.0,Unknown,2025-04-28
5097,ุงูุญูููุฉ ุงูุชุทุจูู ููุชุงุฒ ููุงุถุญ ุงู ูุฑุงุกู ูุงุณ ุฑุงููุฉ ุฌุฏุง ูููุง ููุฑ ุฑุงุฆุน,positive,88.0,Unknown,2025-04-28
4194,Not cool Very not good Hahahahahahahahahahahah no one CE I hat it ๐๐๐๐๐๐๐๐๐ bla bla bla bla,negative,88.0,Unknown,2025-04-28
6210,ูุงุดุงุกููู ุญุชู ููุตูููู ุงููู ุจูุชู ุจุณ ุงุฑุณู ุงููููุดู ูุจุฑูุงูุฌ ุญููู ูุงูุชูยค ุดุจุงุจ ูุฒููู ยค,negative,88.0,Unknown,2025-04-28
9465,ุจุดูู ุนุงู ุฌูุฏ .. ูุญุชุงุฌ ููุฒูุฏ ูู ุงูุชุตูููุงุช ูุงูููุชุฑุฉ ููุงุฆูุฉ ุงูุทุนุงู,negative,88.0,Unknown,2025-04-28
5634,ุงุญุณู ุชุทุจูู ุจุงููุฑุฉ ุงูุงุฑุถูุฉ ุงุดูุฑ ุงููู ุนูู ุฌูุงู ูุงูุจุฑูุงูุฌ ุงุฑูุญูู 16 ุงูู ูุฏูุฉ ๐,positive,88.0,Unknown,2025-04-28
1995,ุงูุจุฑูุงูุฌ ูุชุทุจูู ููุชุงุฒ ุฌุฏุง..ูููู ุงุณุนุงุฑ ุงููุทุงุนู ูุฑุชูุนุฉ ุฌุฏุง ูุงูุถุง ุงูุชูุตูู ุนูุฏ ุทูุจุงุช ุงุฑุชูุน ุนู ูฅูู ููุณ ุงูู ุฏููุงุฑ,negative,88.0,Unknown,2025-04-28
3629,ุนูุฏ ุงูุฑุฌูุน ูู ุงูุทูุจ ูุฅุถุงูุฉ ุงููุฒูุฏ ูุฎุฑุฌ ุนูู ูุงุฆูู ุงููุทุงุนู .,negative,88.0,Unknown,2025-04-28
7689,ุงูุจุฑูุงูุฌ ุญูู ุงูู ุฌุฏุง ุฌุฏุง ุฌุฏุง ูุง ุตุงุฑ ูุนู ุงู ูุดููู ุงูุญูุฏููู ๐คฒ๐คฒ,positive,88.0,Unknown,2025-04-28
8766,ุจุฑูุงูุฌ ุฑุงุฆุน ูููู ู ููุชุน ู ูุฎุฏู ูู ุงูุทุจูุงุช ุงูุนูุฑูุฉ,positive,88.0,Unknown,2025-04-28
2284,ุงูุชุทุจูู ุนุธูู ุฌุฏุง ูุงูุชูุตูู ุณุฑุจุน ูููู ูู ุงููุทุงุนู ุงููู ุงุจููุง ุจุณ ูู ุงูุฏุฑ ุงุทูุจ ูู ูุทุนููู ุจููุณ ุงูููุช ูุงู ุฑุญ ูููู ุงุนุธู ๐๐ป๐๐ปโค,positive,88.0,Unknown,2025-04-28
7560,ููุชุงุฒ ููุณุชุงูู ุนุดุฑ ูุฌูู ูุงูู ุทุฑููุฉ ุงูุทุนุงู ูุงุญุชุฑุงู ุงูููุงุนูุฏ ููุงูุชุงุฎุฑ ููุด ุบุงูู ุงูุงุณุนุงุฑ ุฌูููู ุฌุฏุง ุงุดูุฑูู,positive,88.0,Unknown,2025-04-28
2634,ูุงุดุจุงุจ ุงูุง ุณุงูู ุจุงูุณูู ููุงูู ููู ูุฐุง ููู ูููู ููุตู ูุงู ููุงู ููู ูุฐุงุงุงุงุงุจ,negative,88.0,Unknown,2025-04-28
5914,ุงูุชุทุจูู ุฌุฏุง ุฌููู ุ ุงููุดููุฉ ุงู ููุงู ูุฑูุน ูู ุจุนุถ ุงููุทุงุนู ูุง ุชุณุชุญู ุงูุทูุจ ุนูุฏูุง,negative,88.0,Unknown,2025-04-28
2481,ุงูุง ุจุญุงูู ูุตูู ูู ุจุงูู ูู ูขู ุฏูููู ูู ูุงุฑุฏูุฒ,negative,88.0,Unknown,2025-04-28
9047,ุงููุฉ ูุงูุณุงูุญูู ููู ูุฐุจ ูุญุฏ ุจูุฒูุฉ ุฎุฏููุง  ูุตูุญู  ูู ุฃุฎููู ูุงููููู ูุด ุงู ูู ุชุทุจูู ููููู,negative,88.0,Unknown,2025-04-28
6963,ูุงุดุงุก ุงููู ุจุฑูุงูุฌ ูุบููู ุนู ุงูุณูุงุฑุฉ ุงุฐุง ูุงุนูุฏู ุณูุงุฑุฉ ููุทูุน ูู ุงู ูุทุนู ุชุจู....ุดูุฑุง ููู,positive,88.0,Unknown,2025-04-28
5003,ุงูุณูุงู ุนูููู ูุฑุญูุฉ ุงููู.. ุนูุฏู ูุดููุฉ ูู ูุง ุงุฌูุช ุงุทูุจ... ุจูุนุทููู ุงูู ุชู ุงููุงู ุงูุทูุจุงุช...ูููู ุนุดุงู ูุงุฒู ูููู ุงูุทูุจ ูุจู ุงูุตูุงุฉ ุจุฃูุซุฑ ูู ุณุงุนุฉ,negative,88.0,Unknown,2025-04-28
3438,ุงูุชูุตูู ุณุฑูุนุ ู ุงูุณุงุฆููู ูุฑุชุจูู. ุญุจุฐุง ุฅุฏุฎุงู ุงููุฒูุฏ ูู ูุญูุงุช ุงูุชูููู + ุชุนููู ุงูุณุงุฆููู ุงูุงุนุชูุงุฏ ุนูู ูุธุงู ุงูุฎุฑุงุฆุท.,positive,88.0,Unknown,2025-04-28
2096,ุงูุจุฑูุงูุฌ ูุงูู ุจุณ ุนุงูุฒูู ููุงุนูุฏ ุจุฏุฑู ุดููู ุนูุดุงู ููุณู ุงููุฏุงุฑุณ,negative,88.0,Unknown,2025-04-28
5890,ุงูุจุฑูุงูุฌ ุฌูุฏ ุฌุฏุง ููุชุงุฒ ูู ููุตู ุงูุทูุจ ูู ูุนุงุฏ ูุธุจูุท,negative,88.0,Unknown,2025-04-28
4458,ุขูููููู ููุนูุทูููููููู ุขูููู ุขูููู ุขูููู ุนูุขูููููู ูููููุดููููููููููุฑููููู ููููููููููู ุนู ุชูุทููุจูููููู ููุจููุขูููููู ุนููููููููู ุขูููุขูููู ุชูููุตูููููู ุณููููุขููููู ููููุณููููุขูููููููู ุขูููู ููุดููุชูุบู ููููู ููุฑูุขุญู ูุชูููุข ููููููุจููููู ุทููููุจููุขุชูููุข ๐๐๐๐,positive,88.0,Unknown,2025-04-28
3614,ุฌููู ุงูู ูุงูู ููุงูู ุณูุธู ูู ููุจู ุฅูู ุขุฎุฑ ุงูุนูุฑ,positive,88.0,Unknown,2025-04-28
2382,"ุงูุณูุงู ุนูููู ุงูุง ุฃุดูุฑูู ุนูู ูุฐุง ุงูุจุฑูุงูุฌ ุงูุฑุงุฆุน ุฌุฏุง ูุจุตุฑุงุญู ุจุฑูุงูุฌ ูุง ูุฎูุจ 
ุงูุธู ููู ุงุจุฏุง.",positive,88.0,Unknown,2025-04-28
4159,ุชุนุฒูุฒ. ููุฒุฒู. ูุนูุจุงูุทุจุน ุงููู ูุบ ุบุช ุฒุช ู ุซ ุซุซู ููุฒุฒู ุงู.ูุฏุธูุญุญุฎ. ...ุช. .... ..ูุฏุธู,negative,88.0,Unknown,2025-04-28
6339,ุฑูุนุฉ ูู ุงูุฌูุงู ูู ุญุฏุงุฆู ุงูููุณ ูู ุดู ูุง ุนุงุฏ ูู ุฎุงุทุฑ ููุง ุนุงุฏ ูู ุฎุงุทุฑ ููุง ุนุงุฏ ูู ุฎุงุทุฑ,positive,88.0,Unknown,2025-04-28
6199,Veery gooood ุจุณ ุงุชููู ุฑุจุทู ุจุงูุจูู ุงูุงููู ูุงูู ุฃูุซุฑ ุดุนุจูุฉ ูููุฑู ูุชูุฑ ุฌุฏุงู,negative,88.0,Unknown,2025-04-28
1407,ุจุฑูุงูุฌ ุงูุซุฑ ูู ููุชุงุฒ ูุณุชุญู ูู ุงูุงุญุชุฑุงู ูุงูุชูุฏูุฑ ุดูุฑุง ุฌุฏุง.,positive,88.0,Unknown,2025-04-28
2681,ูุฏุฎู ุนูู Help ุงุฒู ูู ุนูุฏูุง ูุดููุฉ ุงูู ุงูุจุฑูุงูุฌ ูุด ุนุงุฑููู ูุงูุชููุง,negative,88.0,Unknown,2025-04-28
5660,ูุง ููุจู ุงู ุทูุจ ูู ููุง ููุฌุฏ ูุณุงูู ุฎุตููุงุช ูู,negative,88.0,Unknown,2025-04-28
4282,ุงูุถู ุชุทุจูู ูุชูุตูู ุงูุทูุจุงุช .. ุชุนุงูู ุฑุงุฆุน ูุณุฑุนู ูู ุงูุชูุตูู .. ูููู ุญุงุฌู ููุตู ุทูุจู ุณุงุฎู .. ุชุทุจูู ููุชุงุฒ .. ุงูุตุญ ุงูุฌููุน ุจุชุญูููู,positive,88.0,Unknown,2025-04-28
9598,ุฌููู ููู ูู ุงูู ุงูุฎุฏูู ุณุฑูุนู ููุนุงูู ูุฏุฉ 24ุณุงุนู ุฃุตุจุญ ุฃูุถู ุงูููุงูุน๐,positive,88.0,Unknown,2025-04-28
2857,ุงูุณูุงู ุนูููู ุงุชููู ุงู ุงููู ููุฏูุจ ูู ุงูุชูุตูู ูุง ูู ุงูุทุฑููุฉ ุ,neutral,72.0,Unknown,2025-04-28
7086,ุฑูุนู ู ุณุฑูุน ุฌุฏุง ูุตูุญู ูู ูุฌุฑุจุฉ ูุง ุฌูุงุนู ูุฒููู๐ธ,positive,88.0,Unknown,2025-04-28
3719,ูุณุชุงูู ูฅ ูุฌูู ูุงูู ุฏุงููุง ุงูู ุนูู ุงูููุนุฏ ูุงูุทูุจ ุญุงุฑ โค,positive,88.0,Unknown,2025-04-28
6193,ููุชุงุฒ ุ ููู ุญุงู ูุฌูุฏ ุดููู ูุชู ุงูุชุนุงูู ูุนูุง ุณุฑูุนุง,positive,88.0,Unknown,2025-04-28
9308,ุฑูุนู ูุงููู ูููููู ูุงููู ุงููู ุจุงูุนุฑูุถ ุงูุณูุนู// ุณุจุญุงู ุงููู ูุจุญูุฏู ุณุจุญุงู ุงููู ุงูุนุธูู,positive,88.0,Unknown,2025-04-28
9380,ุงูู ูุตู ูู ููุชุงุฒ ูููู ูุญุชุงุฌ ุงูุซุฑ ูู ูุฐูู ุงููุทุงุนู,negative,88.0,Unknown,2025-04-28
1029,ุดูุฆ ุฌูุฏ ุฌุฏุงู ุงู ุชุชุนุงูู ูุน ุฎุฏูู ุนุงูู ูู ๐ช๐ฌ ุจูุฐุง ุงูุฑูู......,positive,88.0,Unknown,2025-04-28
7633,ุชุทุจูู ุฑุงุฆุน ูููู ุงูุจุญุซ ููู ูุฌุจ ุงู ูููู ุงุณู ุงููุทุนู ุญุฑููุง,negative,88.0,Unknown,2025-04-28
9830,ููุธู ุฌุฏุข ูู ุงูููุงุนูุฏ ู ูู ูู ุญุงุฌู ุฃูุตุญ ูู ูุงุญุฏ ูุญูู ุงูุชุทุจูู,positive,88.0,Unknown,2025-04-28
5644,ุชุทุจูู ููุชุงุฒ ุงุณุนุงุฑ ููุชุงุฒุฉ ูุง ุบูู ุนูู ุงูููู ุฏุนู ุงูุชูุตูู ุงููุฌุงูู ูุงูุงุณุนุงุฑ ูุดูุฑุง ูููุงุฆููู,positive,88.0,Unknown,2025-04-28
6608,ูุฐุง ุงุญุณู ูุงูุถู ุจุฑูุงูุฌ ูู ุงูุนุงูู ููุณุชูู 1000000000000 ูุฌูู ุงุญุณู ุงุจููุดู ุงูุงููู ุงุญุณู ุงุจูููุดู ูู ูุตุฑ ูููุง ุงูุดูุฑ ุงููู,positive,88.0,Unknown,2025-04-28
3034,ุงูุชุทุจูู ูุฑุฉ ุฑูุนุฉ ุฑูุนุฉ ุฑูุนุฉ ุฑูุนุฉ ุฑูุนุฉ ุฑูุนุฉ ุฑูุนุฉ ุฑูุนุฉ ุฑูุนุฉ ูุณุชุงูู ุฃูู ูุฌูุฉ,positive,88.0,Unknown,2025-04-28
7527,ุฌููู ุจุดุฑุ ููุณ ุฌููู ุจูุฑ/ูุง ุชูุทุนุ ุงูุจุดุฑุ ููุง ุชูุฌุฑุฉุ ุนูุฏ ุงูุฐููุจุูุฅูุฉ ูุฑุชูุจ ุงููููุุซู ูุชุฑูุฉ ุบุฏุง,negative,88.0,Unknown,2025-04-28
4868,ููุชุงุงุงุงุงุงุงุงุงุฒ ู ุฑุงุฆุน ู ุฎุฏูุงุช ุงููููุน ูููุฒุฉ ู ุณููู ุฌุฏุง,positive,88.0,Unknown,2025-04-28
2798,ุุฒูุงูู ูุงุณู ููุงุณ ูุณุฎูู ูุญุจ ูู ุทุฑู ูุงุญุฏ ูุงุกุกุก ูุฏููุง ุนุฐุจุชููุง ุงุกุก ูุงูุง ูุงุกุกุก ูุงุกุกุก ูุงูุญูุฏููู ุจุณ,negative,88.0,Unknown,2025-04-28
1984,ุจุฑูุงูุฌ ุฑุงุฆุน ูููู ูุง ููุตู ุงูู ุฌููุน ุงูููุงูุงุช ูู ุงูุณูุทูุฉ ูุซู ุตุญู,negative,88.0,Unknown,2025-04-28
4308,ุดุฑูุฉ ููุชุงุฒุฉ ูุณุงุฆูุง ููุฉ ุงูุงุญุชุฑุงู ูุงูููุธููู ููุฉ ุงูุงุญุชุฑุงู ูุจูุชูุตู ูุน ุงูุนููุงุก ูุจูุฌูุจ ุนูู ุงู ุณูุฃู ุจูู ุชูุฏูุฑ ูุงุญุชุฑุงู ุงููู ูุจุงุฑู ููู ุงูุฑุงุฏ ูุฐู ุงูุดุฑูุฉ ูุดูุฑุง,positive,88.0,Unknown,2025-04-28
3185,ุงูุง ุงุญุจุจุช ุงูุชุทุจูู ูููู ูุง ูุชุญูู ุนูู ุงูุฌูุงุฒ ุงูุง ุงุญุจุจุช ุงูุชุทุจูู ูููู ูุง ูุชุญูู ุนูู ุงูุฌูุงุฒ ู ุดูุฑุงู,negative,88.0,Unknown,2025-04-28
7623,ุงูุชุทุจูู ููู ุงูุฑูุนู ูุบูุฑ ุงูุฎุฏูู ุงูุญููููู ู ุงุฐุง ูู ููุณ ุงูููุช ูุฌู ูุจูู ุจุณ ูู ุจุนุฏู ุงูุตุญ ููู,negative,88.0,Unknown,2025-04-28
6513,ุงูุชุฑุชูุจ ุงููุฏูู ุงูุง ุงุดููู ุงุญุณู ุจุณ ุบูุฑ ุฌุฐู ุงูุจุฑูุงูุฌ ููุชุงุฒ,positive,88.0,Unknown,2025-04-28
